Country_Other,Total_Cases,New_Cases,Total_Deaths,New_Deaths,Total_Recovered,New_Recovered,Active_Cases,Serious_Critical,Tot _Cases/1_Mpop,Deaths/1_Mpop,Total_Tests,Tests/1_Mpop,Population,Continent,1_Caseevery_Xppl,1_Deathevery_Xppl,1_Testevery_Xppl,New_Cases/1_Mpop,New_Deaths/1_Mpop,Active_Cases/1_Mpop
World,494305558.0,532912.0,6184531.0,1574.0,430003108.0,560670.0,58117919.0,55354.0,63415.0,793.4,0.0,0.0,0.0,All,0.0,0.0,0.0,0.0,0.0,0.0
USA,81900012.0,0.0,1009390.0,0.0,65968467.0,0.0,14922155.0,1767.0,244908.0,3018.0,987362808.0,2952541.0,334411183.0,North America,4.0,331.0,0.0,0.0,0.0,44622.0
India,43030925.0,0.0,521518.0,0.0,42497567.0,0.0,11840.0,8944.0,30653.0,371.0,791546038.0,563848.0,1403828461.0,Asia,33.0,2692.0,2.0,0.0,0.0,8.0
Brazil,30040129.0,0.0,660586.0,0.0,28892353.0,0.0,487190.0,8318.0,139583.0,3069.0,63776166.0,296340.0,215212745.0,South America,7.0,326.0,3.0,0.0,0.0,2264.0
France,26228521.0,0.0,142784.0,0.0,23615663.0,0.0,2470074.0,1541.0,400269.0,2179.0,254106036.0,3877874.0,65527156.0,Europe,2.0,459.0,0.0,0.0,0.0,37695.0
Germany,21956282.0,0.0,130969.0,0.0,17675700.0,268000.0,4149613.0,2494.0,260595.0,1554.0,104701826.0,1242687.0,84254408.0,Europe,4.0,643.0,1.0,0.0,0.0,49251.0
UK,21410305.0,0.0,166148.0,0.0,19335978.0,0.0,1908179.0,351.0,312503.0,2425.0,507870986.0,7412850.0,68512244.0,Europe,3.0,412.0,0.0,0.0,0.0,27852.0
Russia,17940765.0,14661.0,370602.0,291.0,17070642.0,35306.0,499521.0,2300.0,122845.0,2538.0,273400000.0,1872034.0,146044351.0,Europe,8.0,394.0,1.0,100.0,2.0,3420.0
Italy,14966058.0,0.0,160103.0,0.0,13531567.0,0.0,1274388.0,471.0,248170.0,2655.0,204235935.0,3386677.0,60305701.0,Europe,4.0,377.0,0.0,0.0,0.0,21132.0
Turkey,14919591.0,0.0,98234.0,0.0,14598047.0,0.0,223310.0,975.0,173620.0,1143.0,154964245.0,1803323.0,85932601.0,Asia,6.0,875.0,1.0,0.0,0.0,2599.0
S. Korea,14553644.0,286243.0,18033.0,371.0,0.0,0.0,0.0,1128.0,283439.0,351.0,15804065.0,307791.0,51346669.0,Asia,4.0,2847.0,3.0,5575.0,7.0,264206.0
Spain,11578653.0,0.0,102747.0,0.0,10997681.0,0.0,478225.0,420.0,247478.0,2196.0,471036328.0,10067766.0,46786580.0,Europe,4.0,455.0,0.0,0.0,0.0,10221.0
Vietnam,9922040.0,0.0,42681.0,0.0,8147290.0,0.0,1732069.0,2055.0,100348.0,432.0,84742786.0,857057.0,98876493.0,Asia,10.0,2317.0,1.0,0.0,0.0,17518.0
Argentina,9045326.0,0.0,128106.0,0.0,8872658.0,0.0,44562.0,468.0,196963.0,2790.0,35510477.0,773244.0,45924025.0,South America,5.0,358.0,1.0,0.0,0.0,970.0
Netherlands,7948111.0,13054.0,22058.0,21.0,6749606.0,64427.0,1176447.0,120.0,462060.0,1282.0,21107399.0,1227071.0,17201452.0,Europe,2.0,780.0,1.0,759.0,1.0,68392.0
Iran,7180008.0,4228.0,140451.0,44.0,6900097.0,4136.0,139460.0,1483.0,83605.0,1635.0,49358909.0,574739.0,85880542.0,Asia,12.0,611.0,2.0,49.0,0.5,1624.0
Japan,6778235.0,42315.0,28387.0,60.0,6286380.0,40553.0,463468.0,508.0,53883.0,226.0,44088712.0,350476.0,125796563.0,Asia,19.0,4431.0,3.0,336.0,0.5,3684.0
Colombia,6086484.0,0.0,139678.0,0.0,5919709.0,0.0,27097.0,342.0,117420.0,2695.0,34019306.0,656297.0,51835193.0,South America,9.0,371.0,2.0,0.0,0.0,523.0
Indonesia,6026324.0,2400.0,155464.0,43.0,5788714.0,5415.0,82146.0,2771.0,21631.0,558.0,92754690.0,332929.0,278602304.0,Asia,46.0,1792.0,3.0,9.0,0.2,295.0
Poland,5973557.0,1571.0,115472.0,77.0,5333652.0,78.0,524433.0,268.0,158140.0,3057.0,35788005.0,947429.0,37773820.0,Europe,6.0,327.0,1.0,42.0,2.0,13884.0
Mexico,5671144.0,4223.0,323318.0,83.0,4970248.0,4408.0,377578.0,4798.0,43189.0,2462.0,15617943.0,118938.0,131311353.0,North America,23.0,406.0,8.0,32.0,0.6,2875.0
Ukraine,4975837.0,0.0,108041.0,0.0,0.0,0.0,0.0,177.0,114989.0,2497.0,19521252.0,451125.0,43272403.0,Europe,9.0,401.0,2.0,0.0,0.0,18713.0
Australia,4847725.0,62046.0,6462.0,27.0,4292552.0,0.0,548711.0,104.0,186312.0,248.0,67214128.0,2583233.0,26019383.0,Australia/Oceania,5.0,4027.0,0.0,2385.0,1.0,21089.0
Malaysia,4268486.0,0.0,35160.0,0.0,4062154.0,0.0,171172.0,234.0,128980.0,1062.0,56960067.0,1721155.0,33094097.0,Asia,8.0,941.0,1.0,0.0,0.0,5172.0
Israel,3967740.0,0.0,10554.0,0.0,3894082.0,0.0,63104.0,259.0,425449.0,1132.0,41373364.0,4436346.0,9326000.0,Asia,2.0,884.0,0.0,0.0,0.0,6766.0
Austria,3933682.0,21076.0,16097.0,36.0,3674107.0,30517.0,243478.0,226.0,432432.0,1770.0,177765409.0,19541876.0,9096640.0,Europe,2.0,565.0,0.0,2317.0,4.0,26766.0
Belgium,3881523.0,0.0,30908.0,0.0,3561316.0,0.0,289299.0,183.0,332373.0,2647.0,33001012.0,2825865.0,11678199.0,Europe,3.0,378.0,0.0,0.0,0.0,24773.0
Czechia,3845597.0,6708.0,39784.0,9.0,3750589.0,2845.0,55224.0,109.0,357934.0,3703.0,54821103.0,5102547.0,10743870.0,Europe,3.0,270.0,0.0,624.0,0.8,5140.0
Thailand,3781827.0,24252.0,25700.0,94.0,3508052.0,26225.0,248075.0,1496.0,53943.0,367.0,17270775.0,246347.0,70107556.0,Asia,19.0,2728.0,4.0,346.0,1.0,3538.0
South Africa,3725177.0,0.0,100067.0,0.0,3613688.0,0.0,11422.0,546.0,61450.0,1651.0,23947309.0,395029.0,60621618.0,Africa,16.0,606.0,3.0,0.0,0.0,188.0
Philippines,3680244.0,265.0,59422.0,52.0,3588359.0,1375.0,32463.0,289.0,32818.0,530.0,29066768.0,259196.0,112141839.0,Asia,30.0,1887.0,4.0,2.0,0.5,289.0
Portugal,3604114.0,0.0,21693.0,0.0,0.0,0.0,0.0,61.0,355278.0,2138.0,40239817.0,3966663.0,10144500.0,Europe,3.0,468.0,0.0,0.0,0.0,69618.0
Peru,3549028.0,0.0,212372.0,0.0,0.0,0.0,0.0,421.0,105068.0,6287.0,28971116.0,857685.0,33778256.0,South America,10.0,159.0,1.0,0.0,0.0,47841.0
Canada,3521753.0,0.0,37772.0,0.0,3313633.0,0.0,170348.0,386.0,91896.0,986.0,59642149.0,1556292.0,38323241.0,North America,11.0,1015.0,1.0,0.0,0.0,4445.0
Switzerland,3512093.0,0.0,13737.0,2.0,2930765.0,14360.0,567591.0,132.0,400660.0,1567.0,20400357.0,2327276.0,8765765.0,Europe,2.0,638.0,0.0,0.0,0.2,64751.0
Chile,3491962.0,0.0,56809.0,0.0,3131639.0,0.0,303514.0,520.0,179958.0,2928.0,35790084.0,1844436.0,19404346.0,South America,6.0,342.0,1.0,0.0,0.0,15642.0
Greece,3114591.0,0.0,27816.0,0.0,2856354.0,0.0,230421.0,358.0,301403.0,2692.0,75356144.0,7292304.0,10333653.0,Europe,3.0,372.0,0.0,0.0,0.0,22298.0
Denmark,2927746.0,3000.0,5813.0,15.0,2873033.0,5933.0,48900.0,16.0,502357.0,997.0,126901505.0,21774370.0,5828022.0,Europe,2.0,1003.0,0.0,515.0,3.0,8390.0
Romania,2866793.0,2320.0,65147.0,18.0,2606660.0,0.0,194986.0,360.0,150786.0,3427.0,22213710.0,1168383.0,19012351.0,Europe,7.0,292.0,1.0,122.0,0.9,10256.0
Sweden,2487852.0,0.0,18331.0,0.0,2441012.0,326.0,28509.0,25.0,243672.0,1795.0,18417910.0,1803935.0,10209851.0,Europe,4.0,557.0,1.0,0.0,0.0,2792.0
Iraq,2321095.0,289.0,25179.0,1.0,2286233.0,601.0,9683.0,36.0,55520.0,602.0,18373555.0,439490.0,41806569.0,Asia,18.0,1660.0,2.0,7.0,0.02,232.0
Serbia,1985085.0,1351.0,15850.0,8.0,1936195.0,0.0,33040.0,27.0,228813.0,1827.0,9262624.0,1067667.0,8675570.0,Europe,4.0,547.0,1.0,156.0,0.9,3808.0
Bangladesh,1951903.0,36.0,29123.0,0.0,1886036.0,785.0,36744.0,1283.0,11648.0,174.0,13865462.0,82744.0,167570461.0,Asia,86.0,5754.0,12.0,0.2,0.0,219.0
Hungary,1863039.0,2880.0,45647.0,36.0,1720497.0,3229.0,96895.0,49.0,193718.0,4746.0,11168674.0,1161314.0,9617276.0,Europe,5.0,211.0,1.0,299.0,4.0,10075.0
Slovakia,1732096.0,0.0,19482.0,20.0,1637371.0,10365.0,75243.0,169.0,316985.0,3565.0,6926378.0,1267572.0,5464286.0,Europe,3.0,280.0,1.0,0.0,4.0,13770.0
Jordan,1689314.0,0.0,14003.0,0.0,1668852.0,0.0,6459.0,276.0,162731.0,1349.0,16575546.0,1596720.0,10380995.0,Asia,6.0,741.0,1.0,0.0,0.0,622.0
Georgia,1650384.0,376.0,16765.0,4.0,1629266.0,234.0,4353.0,0.0,415116.0,4217.0,16498490.0,4149812.0,3975720.0,Asia,2.0,237.0,0.0,95.0,1.0,1095.0
Pakistan,1525923.0,148.0,30361.0,0.0,1486464.0,212.0,9098.0,310.0,6680.0,133.0,27633900.0,120978.0,228420997.0,Asia,150.0,7524.0,8.0,0.6,0.0,40.0
Ireland,1477112.0,0.0,6805.0,0.0,1315786.0,2377.0,154521.0,58.0,293390.0,1352.0,11887837.0,2361211.0,5034635.0,Europe,3.0,740.0,0.0,0.0,0.0,30692.0
Norway,1411550.0,0.0,2518.0,0.0,0.0,0.0,0.0,20.0,256847.0,458.0,11002430.0,2002014.0,5495680.0,Europe,4.0,2183.0,0.0,0.0,0.0,240203.0
Kazakhstan,1305229.0,15.0,13660.0,0.0,1290278.0,170.0,1291.0,528.0,68083.0,713.0,11575012.0,603775.0,19171060.0,Asia,15.0,1403.0,2.0,0.8,0.0,67.0
Hong Kong,1180591.0,2777.0,8460.0,111.0,0.0,0.0,0.0,115.0,155264.0,1113.0,44972952.0,5914547.0,7603787.0,Asia,6.0,899.0,0.0,365.0,15.0,152411.0
Morocco,1163656.0,0.0,16061.0,0.0,1146888.0,0.0,707.0,293.0,30884.0,426.0,11237010.0,298232.0,37678732.0,Africa,32.0,2346.0,3.0,0.0,0.0,19.0
Bulgaria,1142698.0,0.0,36636.0,0.0,933840.0,0.0,172222.0,174.0,166657.0,5343.0,9650834.0,1407524.0,6856602.0,Europe,6.0,187.0,1.0,0.0,0.0,25118.0
Singapore,1119419.0,0.0,1284.0,0.0,1046731.0,0.0,71404.0,16.0,188736.0,216.0,23548306.0,3970285.0,5931138.0,Asia,5.0,4619.0,0.0,0.0,0.0,12039.0
Croatia,1105315.0,1653.0,15646.0,12.0,1081347.0,640.0,8322.0,26.0,272191.0,3853.0,4704031.0,1158396.0,4060813.0,Europe,4.0,260.0,1.0,407.0,3.0,2049.0
Cuba,1093676.0,0.0,8516.0,0.0,1081969.0,0.0,3191.0,23.0,96662.0,753.0,12920253.0,1141922.0,11314475.0,North America,10.0,1329.0,1.0,0.0,0.0,282.0
Lebanon,1093551.0,0.0,10324.0,0.0,1067926.0,0.0,15301.0,186.0,161487.0,1525.0,4795578.0,708172.0,6771773.0,Asia,6.0,656.0,1.0,0.0,0.0,2260.0
Tunisia,1037358.0,0.0,28425.0,0.0,0.0,0.0,0.0,29.0,86190.0,2362.0,4537900.0,377035.0,12035767.0,Africa,12.0,423.0,3.0,0.0,0.0,-1085.68
Lithuania,1035798.0,1869.0,8936.0,9.0,977467.0,4039.0,49395.0,60.0,390042.0,3365.0,8111017.0,3054301.0,2655605.0,Europe,3.0,297.0,0.0,704.0,3.0,18600.0
Slovenia,980451.0,2280.0,6517.0,5.0,940042.0,3345.0,33892.0,40.0,471498.0,3134.0,2622528.0,1261170.0,2079440.0,Europe,2.0,319.0,1.0,1096.0,2.0,16299.0
Nepal,978538.0,10.0,11951.0,0.0,965822.0,57.0,765.0,100.0,32556.0,398.0,5566414.0,185197.0,30056735.0,Asia,31.0,2515.0,5.0,0.3,0.0,25.0
Belarus,966818.0,871.0,6862.0,9.0,928536.0,0.0,31420.0,0.0,102375.0,727.0,12913852.0,1367433.0,9443865.0,Europe,10.0,1376.0,1.0,92.0,1.0,3327.0
Finland,913476.0,5690.0,3307.0,53.0,46000.0,0.0,864169.0,45.0,164417.0,595.0,10497812.0,1889511.0,5555835.0,Europe,6.0,1680.0,1.0,1024.0,10.0,155543.0
Bolivia,902749.0,144.0,21897.0,0.0,845056.0,1136.0,35796.0,220.0,75528.0,1832.0,2686794.0,224788.0,11952584.0,South America,13.0,546.0,4.0,12.0,0.0,2995.0
UAE,892929.0,215.0,2302.0,0.0,871669.0,614.0,18958.0,0.0,88407.0,228.0,149610167.0,14812565.0,10100220.0,Asia,11.0,4388.0,0.0,21.0,0.0,1877.0
Uruguay,890980.0,0.0,7171.0,0.0,878876.0,0.0,4933.0,35.0,254939.0,2052.0,6037194.0,1727444.0,3494871.0,South America,4.0,487.0,1.0,0.0,0.0,1411.0
Ecuador,862321.0,0.0,35449.0,0.0,0.0,0.0,0.0,759.0,47607.0,1957.0,2470170.0,136373.0,18113398.0,South America,21.0,511.0,7.0,0.0,0.0,21144.0
Costa Rica,841343.0,0.0,8327.0,0.0,820853.0,0.0,12163.0,63.0,162553.0,1609.0,4136613.0,799222.0,5175801.0,North America,6.0,622.0,1.0,0.0,0.0,2350.0
Guatemala,832159.0,0.0,17338.0,0.0,807873.0,0.0,6948.0,5.0,44988.0,937.0,4279413.0,231353.0,18497306.0,North America,22.0,1067.0,4.0,0.0,0.0,376.0
Latvia,805353.0,1065.0,5667.0,10.0,771691.0,4800.0,27995.0,30.0,435424.0,3064.0,7084722.0,3830439.0,1849585.0,Europe,2.0,326.0,0.0,576.0,5.0,15136.0
Azerbaijan,792141.0,38.0,9701.0,1.0,782143.0,59.0,297.0,0.0,76909.0,942.0,6726560.0,653086.0,10299655.0,Asia,13.0,1062.0,2.0,4.0,0.1,29.0
Panama,765677.0,0.0,8172.0,0.0,755296.0,0.0,2209.0,10.0,172683.0,1843.0,5729565.0,1292186.0,4434010.0,North America,6.0,543.0,1.0,0.0,0.0,498.0
Saudi Arabia,751404.0,108.0,9053.0,3.0,736013.0,314.0,6338.0,84.0,21009.0,253.0,41618512.0,1163643.0,35765710.0,Asia,48.0,3951.0,1.0,3.0,0.08,177.0
New Zealand,730285.0,12635.0,404.0,18.0,643478.0,15974.0,86403.0,0.0,145996.0,81.0,6943325.0,1388082.0,5002100.0,Australia/Oceania,7.0,12381.0,1.0,2526.0,4.0,17273.0
Sri Lanka,662216.0,0.0,16485.0,0.0,637306.0,0.0,8425.0,0.0,30699.0,764.0,6368159.0,295220.0,21570918.0,Asia,33.0,1309.0,3.0,0.0,0.0,391.0
Paraguay,648353.0,0.0,18731.0,0.0,624673.0,0.0,4949.0,8.0,88982.0,2571.0,2601300.0,357009.0,7286371.0,South America,11.0,389.0,3.0,0.0,0.0,679.0
Kuwait,629525.0,0.0,2554.0,0.0,625298.0,0.0,1673.0,10.0,143680.0,583.0,7922315.0,1808148.0,4381453.0,Asia,7.0,1716.0,1.0,0.0,0.0,382.0
Myanmar,612079.0,95.0,19434.0,1.0,590464.0,106.0,2181.0,0.0,11119.0,353.0,7732206.0,140457.0,55050330.0,Asia,90.0,2833.0,7.0,2.0,0.02,40.0
Palestine,581467.0,0.0,5351.0,0.0,575095.0,0.0,1021.0,17.0,109514.0,1008.0,3078533.0,579812.0,5309533.0,Asia,9.0,992.0,2.0,0.0,0.0,192.0
Dominican Republic,578319.0,0.0,4375.0,0.0,573814.0,0.0,130.0,21.0,52389.0,396.0,3237860.0,293313.0,11038927.0,North America,19.0,2523.0,3.0,0.0,0.0,12.0
Estonia,561228.0,998.0,2479.0,4.0,490210.0,2089.0,68539.0,10.0,422579.0,1867.0,3262504.0,2456516.0,1328102.0,Europe,2.0,536.0,0.0,751.0,3.0,51607.0
Bahrain,557387.0,0.0,1472.0,0.0,550620.0,0.0,5295.0,3.0,308747.0,815.0,9628972.0,5333665.0,1805320.0,Asia,3.0,1226.0,0.0,0.0,0.0,2933.0
Venezuela,521030.0,0.0,5688.0,0.0,513671.0,0.0,1671.0,230.0,18415.0,201.0,3359014.0,118716.0,28294457.0,South America,54.0,4974.0,8.0,0.0,0.0,59.0
Moldova,514428.0,0.0,11452.0,0.0,500531.0,0.0,2445.0,52.0,128047.0,2851.0,3167975.0,788544.0,4017499.0,Europe,8.0,351.0,1.0,0.0,0.0,609.0
Egypt,509177.0,0.0,24473.0,0.0,438458.0,0.0,46246.0,122.0,4816.0,231.0,3693367.0,34935.0,105722407.0,Africa,208.0,4320.0,29.0,0.0,0.0,437.0
Libya,501738.0,0.0,6419.0,0.0,490052.0,0.0,5267.0,101.0,71317.0,912.0,2473358.0,351562.0,7035342.0,Africa,14.0,1096.0,3.0,0.0,0.0,749.0
Ethiopia,469879.0,0.0,7508.0,0.0,449425.0,0.0,12946.0,15.0,3917.0,63.0,4682260.0,39032.0,119960755.0,Africa,255.0,15978.0,26.0,0.0,0.0,108.0
Mongolia,468859.0,87.0,2177.0,0.0,313256.0,0.0,153426.0,192.0,139087.0,646.0,4030048.0,1195515.0,3370971.0,Asia,7.0,1548.0,1.0,26.0,0.0,45514.0
Cyprus,447161.0,0.0,954.0,0.0,124370.0,0.0,321837.0,60.0,365688.0,780.0,9477138.0,7750403.0,1222793.0,Asia,3.0,1282.0,0.0,0.0,0.0,263198.0
Armenia,422610.0,16.0,8619.0,0.0,410252.0,23.0,3739.0,0.0,142151.0,2899.0,2988475.0,1005216.0,2972969.0,Asia,7.0,345.0,1.0,5.0,0.0,1258.0
Honduras,421062.0,0.0,10880.0,0.0,131100.0,0.0,279082.0,105.0,41357.0,1069.0,1263329.0,124085.0,10181160.0,North America,24.0,936.0,8.0,0.0,0.0,27412.0
Oman,388571.0,35.0,4253.0,1.0,383416.0,52.0,902.0,10.0,72841.0,797.0,25000000.0,4686451.0,5334527.0,Asia,14.0,1254.0,0.0,7.0,0.2,169.0
Bosnia and Herzegovina,375948.0,99.0,15728.0,1.0,192218.0,0.0,168002.0,0.0,115855.0,4847.0,1741822.0,536773.0,3244986.0,Europe,9.0,206.0,2.0,31.0,0.3,51773.0
Qatar,362273.0,123.0,677.0,0.0,360311.0,134.0,1285.0,2.0,129024.0,241.0,3414603.0,1216111.0,2807805.0,Asia,8.0,4147.0,1.0,44.0,0.0,458.0
Réunion,347941.0,0.0,720.0,0.0,331736.0,0.0,15485.0,10.0,383815.0,794.0,1603660.0,1769005.0,906532.0,Africa,3.0,1259.0,1.0,0.0,0.0,17082.0
Kenya,323479.0,0.0,5648.0,0.0,317717.0,0.0,114.0,1.0,5792.0,101.0,3534556.0,63287.0,55850051.0,Africa,173.0,9888.0,16.0,0.0,0.0,2.0
Zambia,317358.0,137.0,3967.0,0.0,312638.0,23.0,753.0,0.0,16454.0,206.0,3371058.0,174781.0,19287307.0,Africa,61.0,4862.0,6.0,7.0,0.0,39.0
North Macedonia,307142.0,195.0,9234.0,3.0,296373.0,207.0,1535.0,0.0,147436.0,4433.0,1974520.0,947819.0,2083224.0,Europe,7.0,226.0,1.0,94.0,1.0,737.0
Botswana,305526.0,0.0,2686.0,0.0,302476.0,0.0,364.0,1.0,125474.0,1103.0,2026898.0,832413.0,2434968.0,Africa,8.0,907.0,1.0,0.0,0.0,149.0
Albania,274000.0,0.0,3492.0,0.0,270055.0,0.0,453.0,13.0,95395.0,1216.0,1782376.0,620544.0,2872279.0,Europe,10.0,823.0,2.0,0.0,0.0,158.0
Algeria,265699.0,0.0,6874.0,0.0,178312.0,0.0,80513.0,6.0,5873.0,152.0,230861.0,5103.0,45241031.0,Africa,170.0,6581.0,196.0,0.0,0.0,1780.0
Nigeria,255516.0,0.0,3142.0,0.0,249674.0,0.0,2700.0,11.0,1188.0,15.0,4906535.0,22810.0,215105356.0,Africa,842.0,68461.0,44.0,0.0,0.0,13.0
Zimbabwe,246744.0,0.0,5451.0,0.0,239055.0,0.0,2238.0,12.0,16188.0,358.0,2203571.0,144565.0,15242784.0,Africa,62.0,2796.0,7.0,0.0,0.0,147.0
Uzbekistan,237932.0,26.0,1637.0,0.0,235787.0,45.0,508.0,23.0,6933.0,48.0,1377915.0,40148.0,34320808.0,Asia,144.0,20966.0,25.0,0.8,0.0,15.0
Montenegro,233453.0,0.0,2706.0,0.0,230157.0,0.0,590.0,6.0,371619.0,4308.0,2427484.0,3864153.0,628206.0,Europe,3.0,232.0,0.0,0.0,0.0,939.0
Mozambique,225268.0,0.0,2200.0,0.0,223021.0,0.0,47.0,13.0,6870.0,67.0,1299144.0,39618.0,32791856.0,Africa,146.0,14905.0,25.0,0.0,0.0,1.0
Luxembourg,220034.0,0.0,1042.0,0.0,200508.0,0.0,18484.0,3.0,341744.0,1618.0,4174339.0,6483343.0,643856.0,Europe,3.0,618.0,0.0,0.0,0.0,28708.0
Kyrgyzstan,200968.0,0.0,2991.0,0.0,196268.0,20.0,1709.0,131.0,29936.0,446.0,1907195.0,284098.0,6713158.0,Asia,33.0,2244.0,4.0,0.0,0.0,255.0
Laos,188985.0,2115.0,684.0,2.0,7660.0,0.0,180641.0,0.0,25330.0,92.0,1027633.0,137736.0,7460915.0,Asia,39.0,10908.0,7.0,283.0,0.3,24212.0
Iceland,182633.0,0.0,102.0,0.0,75685.0,0.0,106846.0,1.0,529169.0,296.0,1890042.0,5476287.0,345132.0,Europe,2.0,3384.0,0.0,0.0,0.0,309580.0
Afghanistan,177974.0,25.0,7671.0,0.0,161033.0,0.0,9270.0,1124.0,4398.0,190.0,926472.0,22895.0,40466988.0,Asia,227.0,5275.0,44.0,0.6,0.0,229.0
Maldives,176993.0,0.0,298.0,0.0,163687.0,0.0,13008.0,25.0,317615.0,535.0,2213831.0,3972736.0,557256.0,Asia,3.0,1870.0,0.0,0.0,0.0,23343.0
Uganda,163951.0,0.0,3596.0,0.0,100192.0,0.0,60163.0,3.0,3396.0,74.0,2570233.0,53241.0,48275153.0,Africa,294.0,13425.0,19.0,0.0,0.0,1246.0
El Salvador,161570.0,0.0,4121.0,0.0,144494.0,0.0,12955.0,40.0,24691.0,630.0,1875785.0,286656.0,6543678.0,North America,41.0,1588.0,3.0,0.0,0.0,1980.0
Ghana,161014.0,0.0,1445.0,0.0,159531.0,0.0,38.0,1.0,4999.0,45.0,2422885.0,75218.0,32211363.0,Africa,200.0,22292.0,13.0,0.0,0.0,1.0
Namibia,157776.0,0.0,4020.0,0.0,153069.0,0.0,687.0,3.0,60181.0,1533.0,987182.0,376546.0,2621680.0,Africa,17.0,652.0,3.0,0.0,0.0,262.0
Martinique,147519.0,0.0,918.0,0.0,104.0,0.0,146497.0,8.0,393642.0,2450.0,828928.0,2211926.0,374754.0,North America,3.0,408.0,0.0,0.0,0.0,390915.0
Trinidad and Tobago,139114.0,0.0,3766.0,0.0,128540.0,0.0,6808.0,18.0,98841.0,2676.0,676774.0,480853.0,1407446.0,North America,10.0,374.0,2.0,0.0,0.0,4837.0
Brunei,137239.0,418.0,214.0,0.0,134109.0,615.0,2916.0,3.0,308517.0,481.0,717784.0,1613596.0,444835.0,Asia,3.0,2079.0,1.0,940.0,0.0,6555.0
Cambodia,135834.0,22.0,3055.0,0.0,132449.0,121.0,330.0,0.0,7932.0,178.0,2933389.0,171291.0,17125206.0,Asia,126.0,5606.0,6.0,1.0,0.0,19.0
Guadeloupe,130705.0,0.0,843.0,0.0,2250.0,0.0,127612.0,19.0,326563.0,2106.0,938039.0,2343668.0,400244.0,North America,3.0,475.0,0.0,0.0,0.0,318836.0
Rwanda,129735.0,0.0,1458.0,0.0,45522.0,0.0,82755.0,1.0,9599.0,108.0,5145742.0,380725.0,13515640.0,Africa,104.0,9270.0,3.0,0.0,0.0,6123.0
Jamaica,128869.0,0.0,2897.0,0.0,81425.0,0.0,44547.0,0.0,43189.0,971.0,936937.0,314001.0,2983864.0,North America,23.0,1030.0,3.0,0.0,0.0,14929.0
Cameroon,119544.0,0.0,1927.0,0.0,117455.0,0.0,162.0,13.0,4315.0,70.0,1751774.0,63229.0,27705427.0,Africa,232.0,14377.0,16.0,0.0,0.0,6.0
Angola,99194.0,0.0,1900.0,0.0,97149.0,0.0,145.0,0.0,2862.0,55.0,1499795.0,43272.0,34659825.0,Africa,349.0,18242.0,23.0,0.0,0.0,4.0
DRC,86748.0,0.0,1337.0,0.0,50930.0,0.0,34481.0,0.0,920.0,14.0,846704.0,8975.0,94338290.0,Africa,1087.0,70560.0,111.0,0.0,0.0,366.0
Senegal,85931.0,7.0,1965.0,0.0,83934.0,9.0,32.0,0.0,4905.0,112.0,1051050.0,59998.0,17518170.0,Africa,204.0,8915.0,17.0,0.4,0.0,2.0
Malawi,85667.0,0.0,2626.0,0.0,80810.0,0.0,2231.0,67.0,4284.0,131.0,563689.0,28188.0,19997364.0,Africa,233.0,7615.0,35.0,0.0,0.0,112.0
Malta,83667.0,822.0,650.0,1.0,74592.0,365.0,8425.0,4.0,188606.0,1465.0,1824560.0,4113001.0,443608.0,Europe,5.0,682.0,0.0,1853.0,2.0,18992.0
Ivory Coast,81780.0,0.0,796.0,0.0,80945.0,0.0,39.0,0.0,2971.0,29.0,1477408.0,53676.0,27524533.0,Africa,337.0,34579.0,19.0,0.0,0.0,1.0
Suriname,79241.0,5.0,1325.0,0.0,49392.0,1.0,28524.0,0.0,132985.0,2224.0,235564.0,395333.0,595862.0,South America,8.0,450.0,3.0,8.0,0.0,47870.0
French Guiana,79075.0,0.0,394.0,0.0,11254.0,0.0,67427.0,4.0,253229.0,1262.0,609252.0,1951061.0,312267.0,South America,4.0,793.0,1.0,0.0,0.0,215927.0
French Polynesia,72473.0,0.0,648.0,0.0,0.0,0.0,0.0,7.0,255402.0,2284.0,0.0,0.0,283760.0,Australia/Oceania,4.0,438.0,0.0,0.0,0.0,135061.0
Eswatini,69897.0,0.0,1395.0,0.0,68379.0,0.0,123.0,11.0,59172.0,1181.0,1005006.0,850794.0,1181257.0,Africa,17.0,847.0,1.0,0.0,0.0,104.0
Channel Islands,69624.0,0.0,156.0,0.0,67712.0,0.0,1756.0,0.0,394075.0,883.0,1247374.0,7060195.0,176677.0,Europe,3.0,1133.0,0.0,0.0,0.0,9939.0
Fiji,64471.0,5.0,834.0,0.0,62626.0,3.0,1011.0,0.0,71015.0,919.0,505477.0,556783.0,907852.0,Australia/Oceania,14.0,1089.0,2.0,6.0,0.0,1114.0
Madagascar,64050.0,0.0,1388.0,0.0,59313.0,0.0,3349.0,22.0,2213.0,48.0,413244.0,14279.0,28940188.0,Africa,452.0,20850.0,70.0,0.0,0.0,116.0
Guyana,63283.0,0.0,1226.0,0.0,61975.0,0.0,82.0,5.0,79780.0,1546.0,572803.0,722126.0,793217.0,South America,13.0,647.0,1.0,0.0,0.0,103.0
Sudan,61987.0,0.0,4907.0,0.0,0.0,0.0,0.0,0.0,1358.0,108.0,562941.0,12333.0,45645995.0,Africa,736.0,9302.0,81.0,0.0,0.0,367.0
Barbados,60592.0,0.0,375.0,0.0,58319.0,0.0,1898.0,0.0,210394.0,1302.0,617920.0,2145608.0,287993.0,North America,5.0,768.0,0.0,0.0,0.0,6590.0
New Caledonia,60356.0,11.0,312.0,0.0,59890.0,6.0,154.0,9.0,207897.0,1075.0,98964.0,340883.0,290317.0,Australia/Oceania,5.0,931.0,3.0,38.0,0.0,530.0
Mauritania,58675.0,0.0,982.0,0.0,57680.0,0.0,13.0,0.0,12063.0,202.0,785991.0,161590.0,4864113.0,Africa,83.0,4953.0,6.0,0.0,0.0,3.0
Belize,57318.0,0.0,656.0,0.0,56456.0,0.0,206.0,6.0,139698.0,1599.0,525140.0,1279896.0,410299.0,North America,7.0,625.0,1.0,0.0,0.0,502.0
Cabo Verde,55961.0,0.0,401.0,0.0,55499.0,0.0,61.0,23.0,98768.0,708.0,400982.0,707711.0,566590.0,Africa,10.0,1413.0,1.0,0.0,0.0,108.0
Syria,55723.0,0.0,3145.0,0.0,51783.0,0.0,795.0,0.0,3054.0,172.0,146269.0,8016.0,18246710.0,Asia,327.0,5802.0,125.0,0.0,0.0,44.0
Gabon,47588.0,0.0,303.0,0.0,47270.0,0.0,15.0,0.0,20531.0,131.0,1589113.0,685583.0,2317900.0,Africa,49.0,7650.0,1.0,0.0,0.0,6.0
Papua New Guinea,43374.0,0.0,643.0,0.0,42597.0,0.0,134.0,7.0,4692.0,70.0,249149.0,26951.0,9244518.0,Australia/Oceania,213.0,14377.0,37.0,0.0,0.0,14.0
Seychelles,40866.0,0.0,164.0,0.0,39963.0,0.0,739.0,0.0,411061.0,1650.0,0.0,0.0,99416.0,Africa,2.0,606.0,0.0,0.0,0.0,7433.0
Curaçao,40671.0,0.0,267.0,0.0,39858.0,0.0,546.0,3.0,246087.0,1616.0,494095.0,2989605.0,165271.0,North America,4.0,619.0,0.0,0.0,0.0,3304.0
Andorra,40024.0,0.0,153.0,0.0,39283.0,0.0,588.0,14.0,516559.0,1975.0,249838.0,3224465.0,77482.0,Europe,2.0,506.0,0.0,0.0,0.0,7589.0
Burundi,38588.0,0.0,38.0,0.0,773.0,0.0,37777.0,0.0,3084.0,3.0,345742.0,27633.0,12512099.0,Africa,324.0,329266.0,36.0,0.0,0.0,3019.0
Togo,36946.0,0.0,272.0,0.0,36612.0,0.0,62.0,0.0,4286.0,32.0,720871.0,83635.0,8619235.0,Africa,233.0,31688.0,12.0,0.0,0.0,7.0
Mayotte,36891.0,0.0,187.0,0.0,2964.0,0.0,33740.0,0.0,129731.0,658.0,176919.0,622152.0,284366.0,Africa,8.0,1521.0,2.0,0.0,0.0,118650.0
Mauritius,36816.0,58.0,985.0,17.0,34514.0,127.0,1317.0,0.0,28865.0,772.0,358675.0,281209.0,1275474.0,Africa,35.0,1295.0,4.0,45.0,13.0,1033.0
Guinea,36459.0,0.0,440.0,0.0,35976.0,0.0,43.0,8.0,2650.0,32.0,660107.0,47980.0,13757835.0,Africa,377.0,31268.0,21.0,0.0,0.0,3.0
Bhutan,35437.0,2291.0,12.0,0.0,28092.0,1138.0,7333.0,4.0,45055.0,15.0,2137515.0,2717663.0,786527.0,Asia,22.0,65544.0,0.0,2913.0,0.0,9323.0
Faeroe Islands,34237.0,0.0,28.0,0.0,7693.0,0.0,26516.0,5.0,696030.0,569.0,778000.0,15816544.0,49189.0,Europe,1.0,1757.0,0.0,0.0,0.0,539064.0
Aruba,34051.0,0.0,212.0,0.0,33752.0,0.0,87.0,3.0,316571.0,1971.0,177885.0,1653790.0,107562.0,North America,3.0,507.0,1.0,0.0,0.0,809.0
Tanzania,33815.0,0.0,800.0,0.0,0.0,0.0,0.0,7.0,539.0,13.0,0.0,0.0,62719432.0,Africa,1855.0,78399.0,0.0,0.0,0.0,523.0
Bahamas,33314.0,0.0,788.0,0.0,32210.0,0.0,316.0,11.0,83318.0,1971.0,226807.0,567242.0,399842.0,North America,12.0,507.0,2.0,0.0,0.0,790.0
Lesotho,32910.0,0.0,697.0,0.0,24155.0,0.0,8058.0,0.0,15151.0,321.0,431221.0,198530.0,2172070.0,Africa,66.0,3116.0,5.0,0.0,0.0,3710.0
Haiti,30567.0,0.0,833.0,0.0,28745.0,0.0,989.0,0.0,2625.0,72.0,132422.0,11370.0,11646592.0,North America,381.0,13982.0,88.0,0.0,0.0,85.0
Mali,30512.0,0.0,728.0,0.0,29650.0,0.0,134.0,0.0,1434.0,34.0,652947.0,30692.0,21274206.0,Africa,697.0,29223.0,33.0,0.0,0.0,6.0
Isle of Man,28416.0,0.0,84.0,0.0,26794.0,0.0,1538.0,0.0,331100.0,979.0,150753.0,1756557.0,85823.0,Europe,3.0,1022.0,1.0,0.0,0.0,17921.0
Benin,26952.0,0.0,163.0,0.0,25506.0,0.0,1283.0,5.0,2125.0,13.0,604310.0,47657.0,12680390.0,Africa,470.0,77794.0,21.0,0.0,0.0,101.0
Somalia,26471.0,0.0,1350.0,0.0,13182.0,0.0,11939.0,0.0,1588.0,81.0,400466.0,24021.0,16671214.0,Africa,630.0,12349.0,42.0,0.0,0.0,716.0
Taiwan,25225.0,359.0,853.0,0.0,20730.0,91.0,3642.0,0.0,1056.0,36.0,13000933.0,544143.0,23892476.0,Asia,947.0,28010.0,2.0,15.0,0.0,152.0
Congo,24079.0,0.0,385.0,0.0,20178.0,0.0,3516.0,0.0,4183.0,67.0,347815.0,60422.0,5756433.0,Africa,239.0,14952.0,17.0,0.0,0.0,611.0
Saint Lucia,22977.0,0.0,365.0,0.0,22589.0,0.0,23.0,1.0,124132.0,1972.0,140625.0,759720.0,185101.0,North America,8.0,507.0,1.0,0.0,0.0,124.0
Timor-Leste,22832.0,0.0,130.0,0.0,22692.0,0.0,10.0,0.0,16757.0,95.0,257486.0,188977.0,1362524.0,Asia,60.0,10481.0,5.0,0.0,0.0,7.0
Burkina Faso,20853.0,0.0,382.0,0.0,20439.0,0.0,32.0,0.0,952.0,17.0,248995.0,11365.0,21908992.0,Africa,1051.0,57353.0,88.0,0.0,0.0,1.0
Cayman Islands,20606.0,0.0,24.0,0.0,8553.0,0.0,12029.0,1.0,307199.0,358.0,222773.0,3321153.0,67077.0,North America,3.0,2795.0,0.0,0.0,0.0,179331.0
Nicaragua,18491.0,0.0,225.0,0.0,4225.0,0.0,14041.0,0.0,2734.0,33.0,0.0,0.0,6762942.0,North America,366.0,30058.0,0.0,0.0,0.0,2076.0
South Sudan,17311.0,0.0,138.0,0.0,13514.0,0.0,3659.0,1.0,1515.0,12.0,364018.0,31864.0,11424156.0,Africa,660.0,82784.0,31.0,0.0,0.0,320.0
Gibraltar,17120.0,0.0,101.0,0.0,16579.0,0.0,440.0,3.0,508419.0,2999.0,534283.0,15866807.0,33673.0,Europe,2.0,333.0,0.0,0.0,0.0,13067.0
Liechtenstein,16624.0,54.0,84.0,0.0,16345.0,0.0,195.0,3.0,433820.0,2192.0,102174.0,2666336.0,38320.0,Europe,2.0,456.0,0.0,1409.0,0.0,5089.0
Equatorial Guinea,15904.0,0.0,183.0,0.0,15696.0,0.0,25.0,5.0,10718.0,123.0,303365.0,204446.0,1483841.0,Africa,93.0,8108.0,5.0,0.0,0.0,17.0
Djibouti,15591.0,0.0,189.0,0.0,15396.0,0.0,6.0,0.0,15388.0,187.0,299332.0,295425.0,1013225.0,Africa,65.0,5361.0,3.0,0.0,0.0,6.0
San Marino,15181.0,0.0,113.0,0.0,14740.0,0.0,328.0,4.0,445766.0,3318.0,144139.0,4232411.0,34056.0,Europe,2.0,301.0,0.0,0.0,0.0,9631.0
CAR,14649.0,0.0,113.0,0.0,6859.0,0.0,7677.0,2.0,2943.0,23.0,81294.0,16333.0,4977178.0,Africa,340.0,44046.0,61.0,0.0,0.0,1542.0
Grenada,14024.0,0.0,218.0,0.0,13748.0,0.0,58.0,4.0,123626.0,1922.0,144147.0,1270701.0,113439.0,North America,8.0,520.0,1.0,0.0,0.0,511.0
Bermuda,12564.0,0.0,128.0,0.0,12198.0,0.0,238.0,0.0,203058.0,2069.0,841380.0,13598280.0,61874.0,North America,5.0,483.0,0.0,0.0,0.0,3847.0
Gambia,11990.0,0.0,365.0,0.0,11591.0,0.0,34.0,0.0,4728.0,144.0,155686.0,61395.0,2535791.0,Africa,211.0,6947.0,16.0,0.0,0.0,13.0
Greenland,11971.0,0.0,21.0,0.0,2761.0,0.0,9189.0,4.0,210228.0,369.0,164926.0,2896335.0,56943.0,North America,5.0,2712.0,0.0,0.0,0.0,161372.0
Dominica,11897.0,0.0,63.0,0.0,11704.0,0.0,130.0,0.0,164550.0,871.0,185213.0,2561729.0,72300.0,North America,6.0,1148.0,0.0,0.0,0.0,1798.0
Solomon Islands,11856.0,0.0,136.0,0.0,9700.0,0.0,2020.0,2.0,16548.0,190.0,5117.0,7142.0,716443.0,Australia/Oceania,60.0,5268.0,140.0,0.0,0.0,2819.0
Yemen,11812.0,0.0,2144.0,0.0,8999.0,0.0,669.0,23.0,381.0,69.0,265253.0,8562.0,30978856.0,Asia,2623.0,14449.0,117.0,0.0,0.0,22.0
Monaco,10943.0,0.0,54.0,0.0,10696.0,0.0,193.0,4.0,275427.0,1359.0,54960.0,1383303.0,39731.0,Europe,4.0,736.0,1.0,0.0,0.0,4858.0
Saint Martin,10107.0,0.0,63.0,0.0,1399.0,0.0,8645.0,7.0,253792.0,1582.0,112382.0,2821967.0,39824.0,North America,4.0,632.0,0.0,0.0,0.0,217080.0
Sint Maarten,9787.0,0.0,86.0,0.0,9627.0,0.0,74.0,10.0,223800.0,1967.0,62056.0,1419039.0,43731.0,North America,4.0,509.0,1.0,0.0,0.0,1692.0
Eritrea,9728.0,0.0,103.0,0.0,9623.0,0.0,2.0,0.0,2678.0,28.0,23693.0,6522.0,3632597.0,Africa,373.0,35268.0,153.0,0.0,0.0,0.6
Caribbean Netherlands,8860.0,0.0,33.0,0.0,8459.0,0.0,368.0,0.0,332445.0,1238.0,30126.0,1130389.0,26651.0,North America,3.0,808.0,1.0,0.0,0.0,13808.0
Niger,8816.0,0.0,308.0,0.0,8487.0,0.0,21.0,1.0,342.0,12.0,242224.0,9409.0,25743531.0,Africa,2920.0,83583.0,106.0,0.0,0.0,0.8
Guinea-Bissau,8151.0,0.0,170.0,0.0,7191.0,0.0,790.0,6.0,3977.0,83.0,129981.0,63417.0,2049629.0,Africa,251.0,12057.0,16.0,0.0,0.0,385.0
Comoros,8093.0,0.0,160.0,0.0,7921.0,0.0,12.0,0.0,8971.0,177.0,0.0,0.0,902113.0,Africa,111.0,5638.0,0.0,0.0,0.0,13.0
Sierra Leone,7675.0,0.0,125.0,0.0,0.0,0.0,0.0,0.0,929.0,15.0,259958.0,31465.0,8261710.0,Africa,1076.0,66094.0,32.0,0.0,0.0,331.0
Tonga,7528.0,143.0,9.0,0.0,5541.0,202.0,1978.0,0.0,69834.0,83.0,246893.0,2290330.0,107798.0,Australia/Oceania,14.0,11978.0,0.0,1327.0,0.0,18349.0
Antigua and Barbuda,7493.0,0.0,135.0,0.0,7350.0,0.0,8.0,1.0,75418.0,1359.0,18901.0,190241.0,99353.0,North America,13.0,736.0,5.0,0.0,0.0,81.0
Liberia,7400.0,0.0,294.0,0.0,5747.0,0.0,1359.0,2.0,1405.0,56.0,139824.0,26551.0,5266298.0,Africa,712.0,17913.0,38.0,0.0,0.0,258.0
Chad,7347.0,0.0,192.0,0.0,4874.0,0.0,2281.0,0.0,426.0,11.0,191341.0,11090.0,17252832.0,Africa,2348.0,89859.0,90.0,0.0,0.0,132.0
St. Vincent Grenadines,6747.0,0.0,106.0,0.0,6639.0,0.0,2.0,0.0,60479.0,950.0,98654.0,884321.0,111559.0,North America,17.0,1052.0,1.0,0.0,0.0,18.0
British Virgin Islands,6155.0,0.0,62.0,0.0,0.0,0.0,0.0,1.0,201249.0,2027.0,102012.0,3335470.0,30584.0,North America,5.0,493.0,0.0,0.0,0.0,458.0
Sao Tome and Principe,5948.0,0.0,73.0,0.0,5872.0,0.0,3.0,0.0,26283.0,323.0,29036.0,128306.0,226303.0,Africa,38.0,3100.0,8.0,0.0,0.0,13.0
Turks and Caicos,5923.0,0.0,36.0,0.0,5859.0,0.0,28.0,4.0,149431.0,908.0,447713.0,11295330.0,39637.0,North America,7.0,1101.0,0.0,0.0,0.0,706.0
Saint Kitts and Nevis,5550.0,0.0,43.0,0.0,5506.0,0.0,1.0,0.0,103045.0,798.0,65141.0,1209450.0,53860.0,North America,10.0,1253.0,1.0,0.0,0.0,19.0
Vanuatu,4713.0,189.0,3.0,1.0,2830.0,969.0,1880.0,11.0,14740.0,9.0,24976.0,78113.0,319741.0,Australia/Oceania,68.0,106580.0,13.0,591.0,3.0,5880.0
St. Barth,4150.0,0.0,6.0,0.0,0.0,0.0,0.0,0.0,417925.0,604.0,78646.0,7920040.0,9930.0,North America,2.0,1655.0,0.0,0.0,0.0,370796.0
Palau,4070.0,0.0,6.0,0.0,3732.0,0.0,332.0,0.0,223075.0,329.0,41281.0,2262592.0,18245.0,Australia/Oceania,4.0,3041.0,0.0,0.0,0.0,18197.0
Kiribati,3068.0,1.0,13.0,0.0,2593.0,3.0,462.0,9.0,25011.0,106.0,0.0,0.0,122666.0,Australia/Oceania,40.0,9436.0,0.0,8.0,0.0,3766.0
Samoa,2782.0,160.0,2.0,0.0,1039.0,0.0,1741.0,0.0,13859.0,10.0,0.0,0.0,200729.0,Australia/Oceania,72.0,100365.0,0.0,797.0,0.0,8673.0
Anguilla,2717.0,0.0,9.0,0.0,2692.0,0.0,16.0,4.0,178304.0,591.0,51382.0,3371965.0,15238.0,North America,6.0,1693.0,0.0,0.0,0.0,1050.0
Cook Islands,2715.0,189.0,0.0,0.0,1891.0,142.0,824.0,0.0,154332.0,0.0,12829.0,729252.0,17592.0,Australia/Oceania,6.0,0.0,1.0,10744.0,0.0,46839.0
Saint Pierre Miquelon,2000.0,0.0,1.0,0.0,1837.0,0.0,162.0,1.0,348189.0,174.0,17516.0,3049443.0,5744.0,North America,3.0,5744.0,0.0,0.0,0.0,28203.0
Wallis and Futuna,454.0,0.0,7.0,0.0,438.0,0.0,9.0,0.0,41678.0,643.0,20508.0,1882677.0,10893.0,Australia/Oceania,24.0,1556.0,1.0,0.0,0.0,826.0
Falkland Islands,123.0,0.0,0.0,0.0,0.0,0.0,0.0,0.0,33625.0,0.0,8632.0,2359759.0,3658.0,South America,30.0,0.0,0.0,0.0,0.0,10388.0
Vatican City,29.0,0.0,0.0,0.0,28.0,0.0,1.0,0.0,36025.0,0.0,0.0,0.0,805.0,Europe,28.0,0.0,0.0,0.0,0.0,1242.0
Western Sahara,10.0,0.0,1.0,0.0,8.0,0.0,1.0,0.0,16.0,2.0,0.0,0.0,623111.0,Africa,62311.0,623111.0,0.0,0.0,0.0,2.0
Niue,7.0,0.0,0.0,0.0,5.0,4.0,2.0,0.0,4255.0,0.0,0.0,0.0,1645.0,Australia/Oceania,235.0,0.0,0.0,0.0,0.0,1216.0
China,158793.0,1415.0,4638.0,0.0,129590.0,1910.0,24565.0,75.0,110.0,3.0,160000000.0,111163.0,1439323776.0,Asia,9064.0,310333.0,9.0,1.0,0.0,17.0
Total:,494305558.0,532912.0,6184531.0,1574.0,430003108.0,560670.0,58117919.0,55354.0,63414.8,793.4,0.0,0.0,0.0,All,0.0,0.0,0.0,0.0,0.0,0.0
